{
  "defaultSeverity": "error",
  "rulesDirectory": [
    "node_modules/codelyzer",
    "node_modules/tslint-eslint-rules/dist/rules"
  ],
  "rules": {
    "adjacent-overload-signatures": true,
    "ban-ts-ignore": true,
    "ban-types": [
      true,
      ["Object", "Avoid using the `Object` type. Did you mean `object`?"],
      [
        "Function",
        "Avoid using the `Function` type. Prefer a specific function type, like `() => void`."
      ],
      ["Boolean", "Avoid using the `Boolean` type. Did you mean `boolean`?"],
      ["Number", "Avoid using the `Number` type. Did you mean `number`?"],
      ["String", "Avoid using the `String` type. Did you mean `string`?"],
      ["Symbol", "Avoid using the `Symbol` type. Did you mean `symbol`?"]
    ],
    "member-access": [true, "no-public"],
    "member-ordering": [
      true,
      {
        "order": [
          "static-field",
          "instance-field",
          "static-method",
          "instance-method"
        ]
      }
    ],
    "no-any": false,
    "no-empty-interface": true,
    "no-import-side-effect": true,
    "no-inferrable-types": [true],
    "no-internal-module": false,
    "no-magic-numbers": false,
    "no-namespace": true,
    "no-non-null-assertion": true,
    "no-parameter-reassignment": true,
    "no-reference": true,
    "no-unnecessary-type-assertion": true,
    "no-var-requires": true,
    "only-arrow-functions": [true, "allow-declarations"],
    "prefer-for-of": false,
    "promise-function-async": true,
    "typedef": false,
    "typedef-whitespace": false,
    "unified-signatures": true,
    "await-promise": true,
    "ban-comma-operator": true,
    "ban": false,
    "curly": true,
    "forin": true,
    "function-constructor": true,
    "import-blacklist": [true, "rxjs/Rx"],
    "label-position": true,
    "no-arg": true,
    "no-bitwise": true,
    "no-conditional-assignment": true,
    "no-console": true,
    "no-construct": true,
    "no-debugger": true,
    "no-duplicate-super": true,
    "no-duplicate-switch-case": true,
    "no-duplicate-variable": [true, "check-parameters"],
    "no-dynamic-delete": true,
    "no-empty": false,
    "no-eval": true,
    "no-floating-promises": false,
    "no-for-in-array": true,
    "no-implicit-dependencies": [
      true,
      "dev",
      [
        "@rf-shared",
        "@rf-store",
        "@rf-modules",
        "@backbase",
        "@widget",
        "@version",
        "@utils",
        "@env"
      ]
    ],
    "no-inferred-empty-object-type": false,
    "no-invalid-template-strings": true,
    "no-invalid-this": true,
    "no-misused-new": true,
    "no-null-keyword": false,
    "no-null-undefined-union": true,
    "no-object-literal-type-assertion": true,
    "no-restricted-globals": false,
    "no-return-await": true,
    "no-shadowed-variable": true,
    "no-sparse-arrays": true,
    "no-string-literal": true,
    "no-string-throw": true,
    "no-submodule-imports": false,
    "no-switch-case-fall-through": true,
    "no-this-assignment": true,
    "no-unbound-method": false,
    "no-unnecessary-class": false,
    "no-unsafe-any": false,
    "no-unsafe-finally": true,
    "no-unused-expression": true,
    "no-unused-variable": false,
    "no-use-before-declare": false,
    "no-var-keyword": true,
    "no-void-expression": true,
    "prefer-conditional-expression": true,
    "prefer-object-spread": true,
    "radix": true,
    "restrict-plus-operands": false,
    "strict-boolean-expressions": false,
    "strict-type-predicates": false,
    "switch-default": true,
    "triple-equals": true,
    "typeof-compare": false,
    "unnecessary-constructor": false,
    "use-default-type-parameter": true,
    "use-isnan": true,
    "cyclomatic-complexity": false,
    "deprecation": true,
    "eofline": false,
    "indent": false,
    "linebreak-style": false,
    "max-classes-per-file": [true, 1],
    "max-file-line-count": [true, 400],
    "max-line-length": false,
    "no-default-export": false,
    "no-default-import": false,
    "no-duplicate-imports": true,
    "no-mergeable-namespace": true,
    "no-require-imports": true,
    "object-literal-sort-keys": false,
    "prefer-const": true,
    "prefer-readonly": true,
    "trailing-comma": false,
    "align": false,
    "array-type": [true, "array-simple"],
    "arrow-parens": false,
    "arrow-return-shorthand": true,
    "binary-expression-operand-order": true,
    "callable-types": true,
    "class-name": true,
    "comment-format": false,
    "comment-type": false,
    "completed-docs": false,
    "encoding": true,
    "file-header": false,
    "file-name-casing": [true, "kebab-case", "snake-case"],
    "import-spacing": false,
    "increment-decrement": true,
    "interface-name": [true, "never-prefix"],
    "interface-over-type-literal": true,
    "jsdoc-format": false,
    "match-default-export-name": true,
    "newline-before-return": true,
    "newline-per-chained-call": false,
    "new-parens": false,
    "no-angle-bracket-type-assertion": true,
    "no-boolean-literal-compare": false,
    "no-consecutive-blank-lines": false,
    "no-irregular-whitespace": false,
    "no-parameter-properties": false,
    "no-redundant-jsdoc": true,
    "no-reference-import": true,
    "no-trailing-whitespace": false,
    "no-unnecessary-callback-wrapper": true,
    "no-unnecessary-initializer": true,
    "no-unnecessary-qualifier": true,
    "number-literal-format": false,
    "object-literal-key-quotes": false,
    "object-literal-shorthand": true,
    "one-line": false,
    "one-variable-per-declaration": true,
    "ordered-imports": [
      true,
      {
        "import-sources-order": "case-insensitive",
        "named-imports-order": "case-insensitive"
      }
    ],
    "prefer-function-over-method": false,
    "prefer-method-signature": false,
    "prefer-switch": false,
    "prefer-template": true,
    "prefer-while": false,
    "quotemark": false,
    "return-undefined": false,
    "semicolon": false,
    "space-before-function-paren": false,
    "space-within-parens": false,
    "switch-final-break": false,
    "type-literal-delimiter": [
      true,
      {
        "singleLine": "never"
      }
    ],
    "unnecessary-bind": true,
    "variable-name": [
      true,
      "check-format",
      "allow-leading-underscore",
      "allow-pascal-case",
      "ban-keywords"
    ],
    "whitespace": false,

    "no-constant-condition": [
      true,
      {
        "checkLoops": true
      }
    ],
    "no-control-regex": true,
    "no-duplicate-case": true,
    "no-empty-character-class": true,
    "no-ex-assign": true,
    "no-extra-boolean-cast": true,
    "no-extra-semi": false,
    "no-inner-declarations": [true, "both"],
    "no-invalid-regexp": true,
    "ter-no-irregular-whitespace": false,
    "no-regex-spaces": true,
    "ter-no-sparse-arrays": true,
    "no-unexpected-multiline": true,
    "valid-jsdoc": false,
    "valid-typeof": true,
    "no-multi-spaces": false,
    "ter-no-proto": true,
    "ter-no-script-url": true,
    "ter-no-self-compare": true,
    "handle-callback-err": false,
    "array-bracket-spacing": false,
    "block-spacing": false,
    "brace-style": false,
    "ter-computed-property-spacing": false,
    "ter-func-call-spacing": false,
    "ter-indent": false,
    "ter-max-len": false,
    "ter-newline-after-var": [true, "always"],
    "ter-no-mixed-spaces-and-tabs": true,
    "object-curly-spacing": false,
    "ter-padded-blocks": false,
    "sort-imports": false,
    "space-in-parens": false,
    "ter-no-tabs": false,
    "ter-arrow-body-style": false,
    "ter-arrow-parens": false,
    "ter-arrow-spacing": false,
    "ter-prefer-arrow-callback": [
      true,
      {
        "allowNamedFunctions": false,
        "allowUnboundThis": true
      }
    ],

    "angular-whitespace": false,
    "template-banana-in-box": true,
    "component-class-suffix": true,
    "component-selector": [
      true,
      "element",
      "app",
      "bb",
      "ui-rzbr",
      "kebab-case"
    ],
    "contextual-lifecycle": true,
    "contextual-decorator": true,
    "directive-class-suffix": true,
    "directive-selector": [true, "attribute", "rzbr", "camelCase"],
    "use-component-selector": true,
    "template-i18n": false,
    "import-destructuring-spacing": false,
    "component-max-inline-declarations": true,
    "no-attribute-decorator": true,
    "no-conflicting-lifecycle": true,
    "no-forward-ref": true,
    "no-input-prefix": true,
    "no-input-rename": true,
    "no-lifecycle-call": true,
    "no-output-native": true,
    "no-output-on-prefix": true,
    "no-output-rename": true,
    "no-queries-metadata-property": true,
    "template-no-call-expression": false,
    "no-unused-css": true,
    "no-pipe-impure": true,
    "prefer-inline-decorator": [
      true,
      "ContentChild",
      "ContentChildren",
      "ViewChild",
      "ViewChildren",
      "HostListener",
      "HostBinding"
    ],
    "prefer-output-readonly": true,
    "template-conditional-complexity": [true, 4],
    "template-cyclomatic-complexity": [true, 20],
    "template-no-negated-async": true,
    "template-use-track-by-function": false,
    "no-host-metadata-property": true,
    "no-inputs-metadata-property": true,
    "use-lifecycle-interface": true,
    "no-outputs-metadata-property": true,
    "use-pipe-decorator": true,
    "use-pipe-transform-interface": true,
    "use-component-view-encapsulation": true,
    "prefer-on-push-component-change-detection": true,
    "relative-url-prefix": true,
    "template-accessibility-alt-text": true,
    "template-accessibility-elements-content": true,
    "template-accessibility-label-for": true,
    "template-accessibility-tabindex-no-positive": true,
    "template-accessibility-table-scope": true,
    "template-accessibility-valid-aria": true,
    "template-click-events-have-key-events": false,
    "template-mouse-events-have-key-events": false,
    "template-no-autofocus": true,
    "template-no-distracting-elements": true,
    "template-no-any": true,
    "use-injectable-provided-in": false
  }
}
